"index","category","title","description","local_image","web_image","image_url"
1,"starters","Mac N Cheese Bites","Bite-sized golden treats with a crispy exterior and a creamy, cheesy mac and cheese center.","images/mac-n-cheese-bites-e1746183930370.jpg","images-web/mac-n-cheese-bites-e1746183930370.jpg","https://www.atlwingspot.com/wp-content/uploads/2024/10/Mac-N-Cheese-Bites-e1746183930370.jpg"
2,"starters","Cajun Fried Corn (Fan Favourite)","Our fan favorite Cajun fried corn! Juicy ears of corn on the cob fried till golden and tossed in our famous cajun rub! Served with ranch.","images/cajun-fried-corn.jpg","images-web/cajun-fried-corn.jpg","https://www.atlwingspot.com/wp-content/uploads/2024/10/Cajun-Fried-Corn.jpg"
3,"starters","Crispy Coconut Shrimp","Served with Thai chili sauce.","images/7fa67d84-4eb6-44ee-b868-fd74d7cbf451-retina-large.avif","images-web/7fa67d84-4eb6-44ee-b868-fd74d7cbf451-retina-large.webp","https://www.atlwingspot.com/wp-content/uploads/2024/10/7fa67d84-4eb6-44ee-b868-fd74d7cbf451-retina-large.avif"
4,"starters","Mozzarella Sticks (6)","Includes marinara sauce","images/mozzarella-sticks.jpg","images-web/mozzarella-sticks.jpg","https://www.atlwingspot.com/wp-content/uploads/2024/10/Mozzarella-Sticks.jpg"
5,"quesadillas","Chipotle Chicken Quesadilla","Crispy boneless chicken topped with our housemade chipotle sauce, cheddar cheese, and ranch!","images/chipotle-chicken-quesadilla-scaled.webp","images-web/chipotle-chicken-quesadilla-scaled.webp","https://www.atlwingspot.com/wp-content/uploads/2025/03/Chipotle-Chicken-Quesadilla-scaled.webp"
6,"quesadillas","Cheddar Cheese Quesadilla","Served with sour cream","images/cheddar-cheese-quesadilla.png","images-web/cheddar-cheese-quesadilla.png","https://www.atlwingspot.com/wp-content/uploads/2024/10/Cheddar-Cheese-Quesadilla.png"
7,"quesadillas","Loaded Chicken Quesadilla","Grilled chicken, cheddar cheese, green peppers, & onions. Served with sour scream!","images/loaded-chicken-quesadilla-e1746184121941.png","images-web/loaded-chicken-quesadilla-e1746184121941.png","https://www.atlwingspot.com/wp-content/uploads/2024/10/Loaded-Chicken-Quesadilla-e1746184121941.png"
8,"quesadillas","Crispy Buffalo Chicken Quesadilla","Crispy buffalo chicken and cheddar cheese topped with ranch. Served with ranch on the side.","images/crispy-buffalo-chicken-quesadilla.png","images-web/crispy-buffalo-chicken-quesadilla.png","https://www.atlwingspot.com/wp-content/uploads/2024/10/Crispy-Buffalo-Chicken-Quesadilla.png"
9,"traditional","6pc Bone In Wings Combo Meal","6 of our Classic Bone-in wings! Always fresh never frozen. Choose from over 30 flavors! Served with your choice of side, beverage, and dip!","images/6pc-bone-in-wings-combo-meal.jpg","images-web/6pc-bone-in-wings-combo-meal.jpg","https://www.atlwingspot.com/wp-content/uploads/2025/03/6pc-Bone-In-Wings-Combo-Meal.jpg"
10,"traditional","10pc Bone In Wings Combo","10 of our Classic Bone-in wings! Always fresh never frozen. Choose from over 30 flavors! Served with your choice of side, beverage, and dip!","images/6pc-bone-in-wings-combo-meal.jpg","images-web/6pc-bone-in-wings-combo-meal.jpg","https://www.atlwingspot.com/wp-content/uploads/2025/03/6pc-Bone-In-Wings-Combo-Meal.jpg"
11,"traditional","4 Bone In Wings","4 of our Classic Bone-in wings! Always fresh never frozen. Choose from over 25 flavors! Served with celery and your choice of dip!","images/wings-e1746184196401.jpg","images-web/wings-e1746184196401.jpg","https://www.atlwingspot.com/wp-content/uploads/2024/10/Wings-e1746184196401.jpg"
12,"traditional","6 Pieces Wings","6 of our Classic Bone-in wings! Always fresh never frozen. Choose from over 25 flavors! Served with celery and your choice of dip!","images/wings-e1746184196401.jpg","images-web/wings-e1746184196401.jpg","https://www.atlwingspot.com/wp-content/uploads/2024/10/Wings-e1746184196401.jpg"
13,"traditional","10 Pieces Wings","10 of our Classic Bone-in wings! Always fresh never frozen. Choose from over 25 flavors! Served with celery and your choice of dip!","images/wings-e1746184196401.jpg","images-web/wings-e1746184196401.jpg","https://www.atlwingspot.com/wp-content/uploads/2024/10/Wings-e1746184196401.jpg"
14,"traditional","20 Pieces Wings","20 of our Classic Bone-in wings! Always fresh never frozen. Choose from over 25 flavors! Served with celery and your choice of dip!","images/wings-e1746184196401.jpg","images-web/wings-e1746184196401.jpg","https://www.atlwingspot.com/wp-content/uploads/2024/10/Wings-e1746184196401.jpg"
15,"traditional","50 Bone in Wings","50 of our Classic Bone-in wings! Always fresh never frozen. Choose from over 25 flavors! Served with celery and your choice of dip!","images/50-bone-in-wings.avif","images-web/50-bone-in-wings.webp","https://www.atlwingspot.com/wp-content/uploads/2024/10/50-Bone-in-Wings.avif"
16,"traditional","100 Bone in Wings","100 of our Classic Bone-in wings! Always fresh never frozen. Choose from over 25 flavors! Served with celery and your choice of dip!","images/50-bone-in-wings.avif","images-web/50-bone-in-wings.webp","https://www.atlwingspot.com/wp-content/uploads/2024/10/50-Bone-in-Wings.avif"
17,"boneless","6pc Boneless Wings Combo","Our fan favorite boneless wings, now in a COMBO! Fresh never frozen white meat chicken hand breaded and fried till golden brown. Served with your choice of sauce, side order, beverage, and dip!","images/6pc-boneless-wings-combo.jpg","images-web/6pc-boneless-wings-combo.jpg","https://www.atlwingspot.com/wp-content/uploads/2025/03/6pc-Boneless-Wings-Combo.jpg"
18,"boneless","10pc Boneless Wings Combo","Our fan favorite boneless wings, now in a COMBO! Fresh never frozen white meat chicken hand breaded and fried till golden brown. Served with your choice of sauce, side order, beverage, and dip!","images/6pc-boneless-wings-combo.jpg","images-web/6pc-boneless-wings-combo.jpg","https://www.atlwingspot.com/wp-content/uploads/2025/03/6pc-Boneless-Wings-Combo.jpg"
19,"boneless","4 Boneless Wings","Our fan favorite boneless wings! Fresh never frozen white meat chicken hand breaded and fried till golden brown. Choose your sauce and dip!","images/4-boneless-wings.jpg","images-web/4-boneless-wings.jpg","https://www.atlwingspot.com/wp-content/uploads/2025/03/4-Boneless-Wings.jpg"
20,"boneless","6 Boneless Wings","Our fan favorite boneless wings! Fresh never frozen white meat chicken hand breaded and fried till golden brown. Choose your sauce and dip!","images/4-boneless-wings.jpg","images-web/4-boneless-wings.jpg","https://www.atlwingspot.com/wp-content/uploads/2025/03/4-Boneless-Wings.jpg"
21,"boneless","10 Boneless Wings","Our fan favorite boneless wings! Fresh never frozen white meat chicken hand breaded and fried till golden brown. Choose your sauce and dip!","images/4-boneless-wings.jpg","images-web/4-boneless-wings.jpg","https://www.atlwingspot.com/wp-content/uploads/2025/03/4-Boneless-Wings.jpg"
22,"boneless","20 Boneless Wings","Our fan favorite boneless wings! Fresh never frozen white meat chicken hand breaded and fried till golden brown. Choose your sauce and dip!","images/4-boneless-wings.jpg","images-web/4-boneless-wings.jpg","https://www.atlwingspot.com/wp-content/uploads/2025/03/4-Boneless-Wings.jpg"
23,"boneless","50 Boneless Wings","Our fan favorite boneless wings! Fresh never frozen white meat chicken hand breaded and fried till golden brown. Choose your sauce and dip!","images/50-boneless-wings.jpg","images-web/50-boneless-wings.jpg","https://www.atlwingspot.com/wp-content/uploads/2024/10/50-Boneless-Wings.jpg"
24,"boneless","100 Boneless Wings","Our fan favorite boneless wings! Fresh never frozen white meat chicken hand breaded and fried till golden brown. Choose your sauce and dip!","images/50-boneless-wings.jpg","images-web/50-boneless-wings.jpg","https://www.atlwingspot.com/wp-content/uploads/2024/10/50-Boneless-Wings.jpg"
25,"tenders","3 Saucy Tenders","3 of our hand breaded Jumbo Tenders! Choose your favorite sauce and have them sauced or sauce on the side!","images/3-jumbo-tenders.jpg","images-web/3-jumbo-tenders.jpg","https://www.atlwingspot.com/wp-content/uploads/2024/10/3-Jumbo-Tenders.jpg"
26,"tenders","5 Saucy Tenders","5 of our hand breaded Jumbo Tenders! Choose your favorite sauce and have them sauced or sauce on the side!","images/5-jumbo-tenders.jpg","images-web/5-jumbo-tenders.jpg","https://www.atlwingspot.com/wp-content/uploads/2024/10/5-Jumbo-Tenders.jpg"
27,"tenders","10 Saucy Tenders","10 of our hand breaded Jumbo Tenders! Choose your favorite sauces and have them sauced or sauce on the side!","images/10-jumbo-tenders.avif","images-web/10-jumbo-tenders.webp","https://www.atlwingspot.com/wp-content/uploads/2024/10/10-Jumbo-Tenders.avif"
28,"tenders","20 Saucy Tenders","20 of our hand breaded Jumbo Tenders! Choose your favorite sauces and have them sauced or sauce on the side!","images/20-jumbo-tenders.avif","images-web/20-jumbo-tenders.webp","https://www.atlwingspot.com/wp-content/uploads/2024/10/20-Jumbo-Tenders.avif"
29,"tenders","50 Saucy Tenders","50 of our hand breaded Jumbo Tenders! Choose your favorite sauces and have them sauced or sauce on the side!","images/50-jumbo-tenders.avif","images-web/50-jumbo-tenders.webp","https://www.atlwingspot.com/wp-content/uploads/2024/10/50-Jumbo-Tenders.avif"
30,"tenders","100 Saucy Tenders","100 of our hand breaded Jumbo Tenders! Choose your favorite sauces and have them sauced or sauce on the side!","images/50-jumbo-tenders.avif","images-web/50-jumbo-tenders.webp","https://www.atlwingspot.com/wp-content/uploads/2024/10/50-Jumbo-Tenders.avif"
31,"tenders","3pc Tender Combo","3 of our hand breaded Jumbo Tenders! Choose your favorite sauce and have them sauced or sauce on the side! Served with your choice of side and drink!","images/3pc-tender-combo.webp","images-web/3pc-tender-combo.webp","https://www.atlwingspot.com/wp-content/uploads/2025/03/3pc-Tender-Combo.webp"
32,"tenders","5pc Tender Combo","5 of our hand breaded Jumbo Tenders! Choose your favorite sauce and have them sauced or sauce on the side! Served with your choice of side and drink!","images/3pc-tender-combo.webp","images-web/3pc-tender-combo.webp","https://www.atlwingspot.com/wp-content/uploads/2025/03/3pc-Tender-Combo.webp"
33,"chicken-n-waffles","Chicken N’ Waffles","3 Crispy Chicken Tenders Served over a warm waffle topped with powdered sugar. Served with syrup on the side.","images/chicken-n-waffles.avif","images-web/chicken-n-waffles.webp","https://www.atlwingspot.com/wp-content/uploads/2025/03/Chicken-N-Waffles.avif"
34,"chicken-n-waffles","Oreo Chicken N’ Waffles","3 hand breaded Chicken Tenders served with a crispy Oreo waffle topped with powdered sugar and chocolate syrup. Served with syrup on the side.","images/oreo-chicken-n-waffles.png","images-web/oreo-chicken-n-waffles.png","https://www.atlwingspot.com/wp-content/uploads/2025/03/Oreo-Chicken-N-Waffles.png"
35,"chicken-n-waffles","Fruity Pebbles Chicken N’ Waffles","3 hand breaded Chicken Tenders served with a crispy Fruity Pebbles waffle topped with powdered sugar and strawberry syrup. Served with syrup on the side.","images/fruity-pebbles-chicken-n-waffles.jpg","images-web/fruity-pebbles-chicken-n-waffles.jpg","https://www.atlwingspot.com/wp-content/uploads/2025/03/Fruity-Pebbles-Chicken-N-Waffles.jpg"
36,"chicken-n-waffles","Cinnamon Toast Crunch Chicken N’ Waffles","3 hand breaded Chicken Tenders served with a crispy Cinnamon Toast Crunch waffle topped with powdered sugar and caramel syrup. Served with syrup on the side.","images/cinnamon-toast-crunch-chicken-n-waffles.webp","images-web/cinnamon-toast-crunch-chicken-n-waffles.webp","https://www.atlwingspot.com/wp-content/uploads/2025/03/Cinnamon-Toast-Crunch-Chicken-N-Waffles.webp"
37,"chicken-n-waffles","Waffle","The OG. Our original waffle topped with powdered sugar. Served with syrup on the side.","images/cinnamon-toast-crunch-chicken-n-waffles.webp","images-web/cinnamon-toast-crunch-chicken-n-waffles.webp","https://www.atlwingspot.com/wp-content/uploads/2025/03/Cinnamon-Toast-Crunch-Chicken-N-Waffles.webp"
38,"chicken-n-waffles","Oreo Waffle","Crispy oreo waffle topped with Hershey’s syrup, powdered suqar, and more OREOS!","images/oreo-waffle.png","images-web/oreo-waffle.png","https://www.atlwingspot.com/wp-content/uploads/2025/03/Oreo-Waffle.png"
39,"chicken-n-waffles","Fruity Pebbles Waffle","Crispy Fruity Pebbles waffle topped with strawberry syrup, powdered suqar, and more FRUITY PEBBLES!","images/fruity-pebbles-waffle.png","images-web/fruity-pebbles-waffle.png","https://www.atlwingspot.com/wp-content/uploads/2025/03/Fruity-Pebbles-Waffle.png"
40,"chicken-n-waffles","Cinnamon Toast Crunch Waffle","Crispy Cinnamon Toast Crunch waffle topped with caramel syrup, powdered suqar, and more Cinnamon Toast Crunch!","images/cinnamon-toast-crunch-waffle.png","images-web/cinnamon-toast-crunch-waffle.png","https://www.atlwingspot.com/wp-content/uploads/2025/03/Cinnamon-Toast-Crunch-Waffle.png"
41,"wraps","Honey Mustard Wrap","Crispy boneless chicken topped with cheddar cheese, lettuce, tomatoes, and honey mustard.","images/honey-mustard-wrap-scaled.webp","images-web/honey-mustard-wrap-scaled.webp","https://www.atlwingspot.com/wp-content/uploads/2025/03/Honey-Mustard-Wrap-scaled.webp"
42,"wraps","Buffalo Ranch Chicken Wrap","Crispy Buffalo Chicken topped with lettuce, tomatoes and ranch dressing.","images/buffalo-ranch-chicken-wrap.jpg","images-web/buffalo-ranch-chicken-wrap.jpg","https://www.atlwingspot.com/wp-content/uploads/2024/10/Buffalo-Ranch-Chicken-Wrap.jpg"
43,"wraps","Chipotle Chicken Wrap","Crispy chicken topped with chipotle sauce, lettuce, tomatoes, and cheddar cheese.","images/chipotle-chicken-wrap.jpg","images-web/chipotle-chicken-wrap.jpg","https://www.atlwingspot.com/wp-content/uploads/2024/10/Chipotle-Chicken-Wrap.jpg"
44,"burgers-n-sandwiches","Chipotle Chicken Sandwich","Crispy chicken on a brioche bun topped with chipotle sauce, lettuce, and tomato.","images/chipotle-chicken-sandwich.jpg","images-web/chipotle-chicken-sandwich.jpg","https://www.atlwingspot.com/wp-content/uploads/2024/10/Chipotle-Chicken-Sandwich.jpg"
45,"burgers-n-sandwiches","Chicken Deluxe","Fried chicken, american cheese, mayo, lettuce, & tomato on a brioche bun.","images/chicken-deluxe.png","images-web/chicken-deluxe.png","https://www.atlwingspot.com/wp-content/uploads/2024/10/Chicken-Deluxe.png"
46,"fries-n-munchies","Waffle Fries","Golden waffle fries, available in small or large servings.","images/waffle-fries.webp","images-web/waffle-fries.webp","https://www.atlwingspot.com/wp-content/uploads/2024/10/Waffle-Fries.webp"
47,"fries-n-munchies","Cheese Fries","Golden fries topped with melted cheddar cheese.","images/cheese-fries.webp","images-web/cheese-fries.webp","https://www.atlwingspot.com/wp-content/uploads/2024/10/Cheese-Fries.webp"
48,"fries-n-munchies","Battered Onion Rings","Crispy, golden-battered onion rings, perfectly seasoned for a delightful crunch.","images/battered-onion-rings.avif","images-web/battered-onion-rings.webp","https://www.atlwingspot.com/wp-content/uploads/2024/10/Battered-Onion-Rings.avif"
49,"fries-n-munchies","Buffalo Ranch Loaded Waffle Fries","Loaded up with crispy chicken, buffalo sauce & ranch.","images/buffalo-ranch-loaded-waffle-fries.avif","images-web/buffalo-ranch-loaded-waffle-fries.webp","https://www.atlwingspot.com/wp-content/uploads/2024/10/Buffalo-Ranch-Loaded-Waffle-Fries.avif"
50,"fries-n-munchies","Nashville Hot Loaded Waffle Fries","Waffle fries loaded up with crispy chicken topped with Nashville hot sauce and ranch!","images/cajun-fried-corn.jpg","images-web/cajun-fried-corn.jpg","https://www.atlwingspot.com/wp-content/uploads/2024/10/Cajun-Fried-Corn.jpg"
51,"fries-n-munchies","Sweet Potato Fries","Sweet potato fries available in small or large sizes.","images/sweet-potato-fries.webp","images-web/sweet-potato-fries.webp","https://www.atlwingspot.com/wp-content/uploads/2025/03/Sweet-Potato-Fries.webp"
52,"fries-n-munchies","BBQ Loaded Waffle Fries","Loaded up with crispy chicken, pineapple BBQ sauce, & ranch!","images/bbq-loaded-waffle-fries.avif","images-web/bbq-loaded-waffle-fries.webp","https://www.atlwingspot.com/wp-content/uploads/2025/03/BBQ-Loaded-Waffle-Fries.avif"
53,"desserts-n-shakes","Milkshake","SHAKE IT UP! With one of your fan favorite milkshakes. Choose from flavors like Reese’s, Fruity Pebbles, Oreo BLAST, Cinnamon Toast Crunch, or keep it classic with Hershey’s Chocolate, Vanilla, or Strawberry Shortcake!","images/milkshake.avif","images-web/milkshake.webp","https://www.atlwingspot.com/wp-content/uploads/2025/03/Milkshake.avif"
54,"desserts-n-shakes","Cinnamon Toast Crunch Waffle","Crispy Cinnamon Toast Crunch waffle topped with caramel syrup, powdered suqar, and more Cinnamon Toast Crunch!","images/cinnamon-toast-crunch-waffle.png","images-web/cinnamon-toast-crunch-waffle.png","https://www.atlwingspot.com/wp-content/uploads/2025/03/Cinnamon-Toast-Crunch-Waffle.png"
55,"desserts-n-shakes","Fruity Pebbles Waffle","Crispy Fruity Pebbles waffle topped with strawberry syrup, powdered suqar, and more FRUITY PEBBLES!","images/fruity-pebbles-waffle.avif","images-web/fruity-pebbles-waffle.webp","https://www.atlwingspot.com/wp-content/uploads/2025/03/Fruity-Pebbles-Waffle.avif"
56,"desserts-n-shakes","Oreo Waffle","Crispy oreo waffle topped with Hershey’s syrup, powdered suqar, and more OREOS!","images/oreo-waffle.avif","images-web/oreo-waffle.webp","https://www.atlwingspot.com/wp-content/uploads/2025/03/Oreo-Waffle.avif"
57,"desserts-n-shakes","Fried Oreos","Golden, crispy battered Oreos dusted with powdered sugar, offering a delightful blend of crunch and sweetness.","images/fried-oreos.avif","images-web/fried-oreos.webp","https://www.atlwingspot.com/wp-content/uploads/2024/10/Fried-Oreos.avif"
58,"desserts-n-shakes","Funnel Cake Fries (12)","Lightly dusted with powdered sugar, these crispy funnel cake fries offer a sweet, crunchy treat.","images/funnel-cake-fries.avif","images-web/funnel-cake-fries.webp","https://www.atlwingspot.com/wp-content/uploads/2024/10/Funnel-Cake-Fries.avif"
59,"beverages","Can Soda","Various sodas and bottled water options including Pepsi, Diet Pepsi, Orange Crush, Ginger Ale, Brisk Iced Tea, and Lemonade.","images/bottled-soda.avif","images-web/bottled-soda.webp","https://www.atlwingspot.com/wp-content/uploads/2024/10/Bottled-Soda.avif"
60,"beverages","Gatorade","A crisp, satisfying taste to quench thirst and energize without caffeine","images/gatorade.avif","images-web/gatorade.webp","https://www.atlwingspot.com/wp-content/uploads/2024/10/Gatorade.avif"
61,"beverages","Bottled Water","Pure and refreshing bottled water.","images/bottled-soda.avif","images-web/bottled-soda.webp","https://www.atlwingspot.com/wp-content/uploads/2024/10/Bottled-Soda.avif"
62,"beverages","Large Soda","Large soda selection: Pepsi, Crush Orange, Ginger Ale.","images/large-soda.avif","images-web/large-soda.webp","https://www.atlwingspot.com/wp-content/uploads/2024/10/Large-Soda.avif"
63,"beverages","Bottled Soda","Selection of bottled sodas including classic Pepsi variants, Crush flavors, Mountain Dew Baja Blast, Country Time lemonades, Sunny D Fruit Punch, Brisk Iced Tea.","images/bottled-soda.avif","images-web/bottled-soda.webp","https://www.atlwingspot.com/wp-content/uploads/2024/10/Bottled-Soda.avif"
64,"extras","Ranch Cup","Every hero needs a side kick! Our ATL Wing Spot ranch is the perfect addition to any wing or munchie order.","images/ranch-cup.avif","images-web/ranch-cup.webp","https://www.atlwingspot.com/wp-content/uploads/2025/03/Ranch-Cup.avif"
65,"extras","Blue Cheese Cup","Cup of Blue Cheese Dip","images/blue-cheese-cup.avif","images-web/blue-cheese-cup.webp","https://www.atlwingspot.com/wp-content/uploads/2025/03/Blue-Cheese-Cup.avif"
66,"extras","Extra Sauce Cup","Add a side cup of your favorite sauce! (Did you know we have over 30!)","images/extra-sauce-cup.avif","images-web/extra-sauce-cup.webp","https://www.atlwingspot.com/wp-content/uploads/2025/03/Extra-Sauce-Cup.avif"
67,"extras","Cheese Sauce Cup","Cup of Nacho Cheese Sauce","images/cheese-sauce-cup.avif","images-web/cheese-sauce-cup.webp","https://www.atlwingspot.com/wp-content/uploads/2025/03/Cheese-Sauce-Cup.avif"
68,"extras","Celery","Crisp celery stalks, freshly cut and ready as a refreshing side or snack.","images/celery.avif","images-web/celery.webp","https://www.atlwingspot.com/wp-content/uploads/2025/03/Celery.avif"
